date	video_id	title	duration_seconds	insult_seconds	insult_hms	insult_share	source_file	source_url
2025-12-19	QFwTuEr2Y64	YOU'RE A SOCIOPATH - Destiny Confronted by Pisco on his Lies	34112	924	0:15:24	2.7%	transcripts/ryle-kittenhouse/processed/20251219-QFwTuEr2Y64.txt	https://youtu.be/QFwTuEr2Y64?t=0
2025-07-29	Q54CPEwr-Qk	DESTINY CRASHOUT as the ENTIRE  Internet MOCKS him INCESSANTLY! (Its bad)	14456	567	0:09:27	3.9%	transcripts/ryle-kittenhouse/processed/20250729-Q54CPEwr-Qk.txt	https://youtu.be/Q54CPEwr-Qk?t=0
2025-04-12	Wb93GSxP6kU	Destiny Abuses ANOTHER Orbiter, this time in Public and with CONSENT? (ft. KELLY JEAN!)	11665	483	0:08:03	4.1%	transcripts/ryle-kittenhouse/processed/20250412-Wb93GSxP6kU.txt	https://youtu.be/Wb93GSxP6kU?t=0
2025-04-22	W6Jqs65cO9M	WillyMacShow BACKSTABS Destiny! Shocking Betrayal Paired With Poor Research - Kelly Jean Weighs In	17082	478	0:07:58	2.8%	transcripts/ryle-kittenhouse/processed/20250422-W6Jqs65cO9M.txt	https://youtu.be/W6Jqs65cO9M?t=0
2025-08-12	paGeIacIlVM	WillyMacShow goes FULL SCH1Z0 in UNHINGED Manifesto Attacking Commentary and Defending Destiny	7200	449	0:07:29	6.2%	transcripts/ryle-kittenhouse/processed/20250812-paGeIacIlVM.txt	https://youtu.be/paGeIacIlVM?t=0
2025-12-21	D1Xh8ojDv48	DESTINY'S D@XING CAMPAIGN just got A LOT WORSE	11904	441	0:07:21	3.7%	transcripts/ryle-kittenhouse/processed/20251221-D1Xh8ojDv48.txt	https://youtu.be/D1Xh8ojDv48?t=0
2025-12-29	ICL93DmaY10	Destiny CONFRONTS JSTLK During Stream	7894	425	0:07:05	5.4%	transcripts/ryle-kittenhouse/processed/20251229-ICL93DmaY10.txt	https://youtu.be/ICL93DmaY10?t=0
2025-08-16	YRrscQPtdGo	Destiny Skinwalker DESPERATELY Attempts to Defend PRO-D@XXING Positions (Foodslops)	10568	358	0:05:58	3.4%	transcripts/ryle-kittenhouse/processed/20250816-YRrscQPtdGo.txt	https://youtu.be/YRrscQPtdGo?t=0
2025-07-26	vwv88NExsfw	Destiny comes out as PRO-D@XXING as he CAREENS towards ROCK BOTTOM	10543	334	0:05:34	3.2%	transcripts/ryle-kittenhouse/processed/20250726-vwv88NExsfw.txt	https://youtu.be/vwv88NExsfw?t=0
2025-12-20	wgrXUnfuDyY	DESTINY FORCED To Answer For His Crimes	8796	323	0:05:23	3.7%	transcripts/ryle-kittenhouse/processed/20251220-wgrXUnfuDyY.txt	https://youtu.be/wgrXUnfuDyY?t=0
2025-08-01	gJUKVut45DA	Destiny SEETHES as he CONTINUES to LOSE his mind! Spiraling FURTHER into the Depths of Depravity	6053	281	0:04:41	4.6%	transcripts/ryle-kittenhouse/processed/20250801-gJUKVut45DA.txt	https://youtu.be/gJUKVut45DA?t=0
2026-01-09	-UssAdhmH6g	DESTINY SHOULD BE ON A LIST! JSTLK v Connerpoints	9215	269	0:04:29	2.9%	transcripts/ryle-kittenhouse/processed/20260109--UssAdhmH6g.txt	https://youtu.be/-UssAdhmH6g?t=0
2025-08-24	6KZtOR-jwh4	ETHAN KLEIN is now Coming for Destiny's Neck (Its bad)	10892	257	0:04:17	2.4%	transcripts/ryle-kittenhouse/processed/20250824-6KZtOR-jwh4.txt	https://youtu.be/6KZtOR-jwh4?t=0
2025-09-01	gN_HX2aDwc4	Destiny Continues D@XING and Harassment Campaign, Supported by @ValorMediaNetwork	9787	242	0:04:02	2.5%	transcripts/ryle-kittenhouse/processed/20250901-gN_HX2aDwc4.txt	https://youtu.be/gN_HX2aDwc4?t=0
2025-09-02	ycXhFgWLLF8	Destiny RESPONDS to the ALLEGATIONS (while losing 📉 -$150k/mo)	6060	229	0:03:49	3.8%	transcripts/ryle-kittenhouse/processed/20250902-ycXhFgWLLF8.txt	https://youtu.be/ycXhFgWLLF8?t=0
2025-05-15	A_mvWOlfLwA	PXIE CAN'T DO THAT! Destiny loses his COOL in latest COURT FLAILING! ft. Kelly Jean and Jaystalk	11924	227	0:03:47	1.9%	transcripts/ryle-kittenhouse/processed/20250515-A_mvWOlfLwA.txt	https://youtu.be/A_mvWOlfLwA?t=0
2025-11-27	BDkCJTqdcBA	"DESTINY ORBIT CIVIL WAR: ""D@x and Sw@t DAN'S KIDS!!"""	5558	218	0:03:38	3.9%	transcripts/ryle-kittenhouse/processed/20251127-BDkCJTqdcBA.txt	https://youtu.be/BDkCJTqdcBA?t=0
2025-08-21	yM6fnkUt2cQ	Destiny's LAST MOHICAN (Connerpoints) Is PRO PDFILLIA?	9121	214	0:03:34	2.3%	transcripts/ryle-kittenhouse/processed/20250821-yM6fnkUt2cQ.txt	https://youtu.be/yM6fnkUt2cQ?t=0
2025-08-28	IyUP9rBAlTM	Destiny FIRES BACK at Ethan Klein (AGE is just a NUMBER!)	9881	212	0:03:32	2.1%	transcripts/ryle-kittenhouse/processed/20250828-IyUP9rBAlTM.txt	https://youtu.be/IyUP9rBAlTM?t=0
2025-08-24	p-cq6zNHHkY	Destiny Burns His Last Bridge Over Allegations Involving a Minor.	10253	209	0:03:29	2.0%	transcripts/ryle-kittenhouse/processed/20250824-p-cq6zNHHkY.txt	https://youtu.be/p-cq6zNHHkY?t=0
2025-08-13	jqS5GgsW3TU	Augie joins Jaystalk to TRASH Destiny when The PEST HIMSELF SHOWS UP then RUNS from the Debate	3114	203	0:03:23	6.5%	transcripts/ryle-kittenhouse/processed/20250813-jqS5GgsW3TU.txt	https://youtu.be/jqS5GgsW3TU?t=0
2025-08-31	O66UbCMNiZw	Destiny ATTACKS Random Discord User as his Livestream Viewership Is CUT IN HALF	4396	200	0:03:20	4.5%	transcripts/ryle-kittenhouse/processed/20250831-O66UbCMNiZw.txt	https://youtu.be/O66UbCMNiZw?t=0
2025-04-19	lG9RQRdAIZQ	Asmongold VS. Destiny: Steven Hitting NEW LOWS in his Floundering Political Career	4694	198	0:03:18	4.2%	transcripts/ryle-kittenhouse/processed/20250419-lG9RQRdAIZQ.txt	https://youtu.be/lG9RQRdAIZQ?t=0
2025-04-14	Cjmf97AGdTI	"Destiny Orbiter returns for Debate and JUSTIFIES DESTINY'S ACTIONS, ""As long as he gets votes""!?"	7011	198	0:03:18	2.8%	transcripts/ryle-kittenhouse/processed/20250414-Cjmf97AGdTI.txt	https://youtu.be/Cjmf97AGdTI?t=0
2025-12-07	XYJp2u8xHTk	WATCH HIM CRASH OUT: Destiny’s MELTDOWN	3636	192	0:03:12	5.3%	transcripts/ryle-kittenhouse/processed/20251207-XYJp2u8xHTk.txt	https://youtu.be/XYJp2u8xHTk?t=0
2025-08-23	nhJkQy0UcXs	WillyMac calls the cops on Destiny....	6930	189	0:03:09	2.7%	transcripts/ryle-kittenhouse/processed/20250823-nhJkQy0UcXs.txt	https://youtu.be/nhJkQy0UcXs?t=0
2025-08-13	4hph9XdK7DA	Augie Makes ANGRY Response to WillyMac, the CABAL in SHAMBLES	11955	187	0:03:07	1.6%	transcripts/ryle-kittenhouse/processed/20250813-4hph9XdK7DA.txt	https://youtu.be/4hph9XdK7DA?t=0
2025-07-11	zbgmT4L5COw	DRAMA Over Destiny & Straighterade's DM's with Pxie Cause Commentary MELTDOWN!	6264	186	0:03:06	3.0%	transcripts/ryle-kittenhouse/processed/20250711-zbgmT4L5COw.txt	https://youtu.be/zbgmT4L5COw?t=0
2025-06-14	8hZYfr5FsSU	DESTINY IS LYING TO YOU! Debunking his latest court LIES	6177	181	0:03:01	2.9%	transcripts/ryle-kittenhouse/processed/20250614-8hZYfr5FsSU.txt	https://youtu.be/8hZYfr5FsSU?t=0
2025-08-26	_jVILZpgdbc	Destiny & DGG EXPOSED for running DOXING discords	5632	178	0:02:58	3.2%	transcripts/ryle-kittenhouse/processed/20250826-_jVILZpgdbc.txt	https://youtu.be/_jVILZpgdbc?t=0
2026-04-11	47VGnlHBh8w	DESTINY is BROKEN: His CULTIST Minions Try to Save SHAM Debate	9602	176	0:02:56	1.8%	transcripts/ryle-kittenhouse/processed/20260411-47VGnlHBh8w.txt	https://youtu.be/47VGnlHBh8w?t=0
2026-03-31	KvWe8Vn-MgE	Destiny's MELTDOWN: CONFRONTED on Doxing and Israel (ft. Erudite)	17627	171	0:02:51	1.0%	transcripts/ryle-kittenhouse/processed/20260331-KvWe8Vn-MgE.txt	https://youtu.be/KvWe8Vn-MgE?t=0
2025-08-01	HEBVRkey8oE	Destiny CRAWLS Back to REMATCH Pisco (This Time Pisco Gets His REVENGE)	12889	165	0:02:45	1.3%	transcripts/ryle-kittenhouse/processed/20250801-HEBVRkey8oE.txt	https://youtu.be/HEBVRkey8oE?t=0
2025-04-10	iMgZr0rSZTM	DESTINY COURT CASE transcripts are RELEASED and it DOESNT LOOK GOOD!	6002	164	0:02:44	2.7%	transcripts/ryle-kittenhouse/processed/20250410-iMgZr0rSZTM.txt	https://youtu.be/iMgZr0rSZTM?t=0
2026-02-23	rBPX8fld4Uc	Is Destiny WASHED? The most EMBARRASSING call-in ever!	7745	155	0:02:35	2.0%	transcripts/ryle-kittenhouse/processed/20260223-rBPX8fld4Uc.txt	https://youtu.be/rBPX8fld4Uc?t=0
2025-11-28	LNZCTmexiDM	Destiny’s Top Orbiter: DISTURBING PAST EXPOSED	6617	151	0:02:31	2.3%	transcripts/ryle-kittenhouse/processed/20251128-LNZCTmexiDM.txt	https://youtu.be/LNZCTmexiDM?t=0
2025-08-29	TN_Cp8q3ADg	Destiny KNEELS and BEGS Ethan Klein for a TRUCE!	4308	151	0:02:31	3.5%	transcripts/ryle-kittenhouse/processed/20250829-TN_Cp8q3ADg.txt	https://youtu.be/TN_Cp8q3ADg?t=0
2025-08-29	uuBbNM-mbyA	Kuihman VS Deorio, Destiny Teaches Deorio a HARSH Lesson	4177	146	0:02:26	3.5%	transcripts/ryle-kittenhouse/processed/20250829-uuBbNM-mbyA.txt	https://youtu.be/uuBbNM-mbyA?t=0
2025-06-03	IygLHMn89LI	SHOCKING: Jaystalk joins Destiny lawsuit and DESTINY MELTS DOWN! Insane 11th hour motions.	10052	143	0:02:23	1.4%	transcripts/ryle-kittenhouse/processed/20250603-IygLHMn89LI.txt	https://youtu.be/IygLHMn89LI?t=0
2026-05-31	UDJBSzI9trM	mrgirl & Lav DEPROGRAM Conor from Destiny's Cult	5677	140	0:02:20	2.5%	transcripts/ryle-kittenhouse/processed/20260531-UDJBSzI9trM.txt	https://youtu.be/UDJBSzI9trM?t=0
2025-12-05	GfLcvyOARqQ	PROTECTING A PREDATOR?? Destiny’s INSANE Defense	5675	140	0:02:20	2.5%	transcripts/ryle-kittenhouse/processed/20251205-GfLcvyOARqQ.txt	https://youtu.be/GfLcvyOARqQ?t=0
2025-11-02	zNZ-zAoVZdQ	HEATED DEBATE: Is HUTCH a Destiny Orbiter?	6991	140	0:02:20	2.0%	transcripts/ryle-kittenhouse/processed/20251102-zNZ-zAoVZdQ.txt	https://youtu.be/zNZ-zAoVZdQ?t=0
2025-09-01	s28eVMoS_uI	WillyMac just ENDED Destiny's CAREER 💀 (not sarcasm)	3591	140	0:02:20	3.9%	transcripts/ryle-kittenhouse/processed/20250901-s28eVMoS_uI.txt	https://youtu.be/s28eVMoS_uI?t=0
2026-05-23	zWdQ_NvcWMA	Destiny THREATENS To Sue His ONLY Friend?!	3613	136	0:02:16	3.8%	transcripts/ryle-kittenhouse/processed/20260523-zWdQ_NvcWMA.txt	https://youtu.be/zWdQ_NvcWMA?t=0
2025-07-30	4ENljX47pqU	Destiny MOGGED By Pisco and Econoboi as he RUNS SCARED in Socialism Debate	19127	136	0:02:16	0.7%	transcripts/ryle-kittenhouse/processed/20250730-4ENljX47pqU.txt	https://youtu.be/4ENljX47pqU?t=0
2026-05-25	GvnwrGTXtck	The Destiny Crashout Just Got A Lot Worse...	4873	135	0:02:15	2.8%	transcripts/ryle-kittenhouse/processed/20260525-GvnwrGTXtck.txt	https://youtu.be/GvnwrGTXtck?t=0
2025-12-19	t8rzOwpGrIo	DGG Orbiter CIVIL WAR Part 2: Dan Saltman vs. Foodshops	10247	129	0:02:09	1.3%	transcripts/ryle-kittenhouse/processed/20251219-t8rzOwpGrIo.txt	https://youtu.be/t8rzOwpGrIo?t=0
2026-05-22	06W6lBkB1qg	Snark Discord CAUSING HAVOC? Destiny BLACKLISTS Whicktv??	2664	127	0:02:07	4.8%	transcripts/ryle-kittenhouse/processed/20260522-06W6lBkB1qg.txt	https://youtu.be/06W6lBkB1qg?t=0
2026-02-18	-L4hm0le3_8	Hasan GOES NUCLEAR: “Destiny is an OBJECTIVELY BAD FATHER!”	7538	121	0:02:01	1.6%	transcripts/ryle-kittenhouse/processed/20260218--L4hm0le3_8.txt	https://youtu.be/-L4hm0le3_8?t=0
2025-12-25	hVjAc_ndlp0	Pisco DESTROYS DGG Lawyer on H3 Lawsuit!	8472	117	0:01:57	1.4%	transcripts/ryle-kittenhouse/processed/20251225-hVjAc_ndlp0.txt	https://youtu.be/hVjAc_ndlp0?t=0
2025-07-09	dM7THq678nY	Destiny is STALKING Kelly Jean!	6357	116	0:01:56	1.8%	transcripts/ryle-kittenhouse/processed/20250709-dM7THq678nY.txt	https://youtu.be/dM7THq678nY?t=0
2025-09-16	WJYu_JNw_r0	Destiny gets STEAMROLLED and EMBARRASSED by Ana Kasparian on Piers Morgan Panel	8630	114	0:01:54	1.3%	transcripts/ryle-kittenhouse/processed/20250916-WJYu_JNw_r0.txt	https://youtu.be/WJYu_JNw_r0?t=0
2026-05-10	FK2ugwXQaSQ	Debating Destiny's Most PERFORMATIVE Cultist! (HEATED)	4310	113	0:01:53	2.6%	transcripts/ryle-kittenhouse/processed/20260510-FK2ugwXQaSQ.txt	https://youtu.be/FK2ugwXQaSQ?t=0
2025-09-10	qGRn9Y4l20Y	Discovering DESTINY Attempted to Traffic a Minor: Memes & Monologues Aug 21st, 22nd, & 23rd	5778	112	0:01:52	1.9%	transcripts/ryle-kittenhouse/processed/20250910-qGRn9Y4l20Y.txt	https://youtu.be/qGRn9Y4l20Y?t=0
2025-08-22	wSDOqj8hWBU	Dan QUITS AE (Destiny's Podcast). THIS IS NOT A DRILL.	4287	105	0:01:45	2.4%	transcripts/ryle-kittenhouse/processed/20250822-wSDOqj8hWBU.txt	https://youtu.be/wSDOqj8hWBU?t=0
2025-09-19	3ZwszYEzhTE	Destiny gets BRUTALLY Heckled ALL DAY on UnF⚡America Tour	9774	104	0:01:44	1.1%	transcripts/ryle-kittenhouse/processed/20250919-3ZwszYEzhTE.txt	https://youtu.be/3ZwszYEzhTE?t=0
2025-08-28	GqWbUW89yNo	Ethan Klein NUKES Destiny (this time he's NOT HOLDING BACK)	4810	102	0:01:42	2.1%	transcripts/ryle-kittenhouse/processed/20250828-GqWbUW89yNo.txt	https://youtu.be/GqWbUW89yNo?t=0
2025-08-21	mcJe07WnIhE	🚨DESTINY NOOO! SHE WAS 17?! EMERGENCY TDD STREAM🚨	4662	101	0:01:41	2.2%	transcripts/ryle-kittenhouse/processed/20250821-mcJe07WnIhE.txt	https://youtu.be/mcJe07WnIhE?t=0
2025-11-12	fgOcwGd1m5g	Destiny's DESPERATE LIE has LEGAL IMPLICATIONS!	3063	99	0:01:39	3.2%	transcripts/ryle-kittenhouse/processed/20251112-fgOcwGd1m5g.txt	https://youtu.be/fgOcwGd1m5g?t=0
2025-12-30	08q51cudUkA	Destiny Court Case is COLLAPSING?!	4964	98	0:01:38	2.0%	transcripts/ryle-kittenhouse/processed/20251230-08q51cudUkA.txt	https://youtu.be/08q51cudUkA?t=0
2025-11-19	y3SbWA8Jdig	Destiny & Dan TRICKED Into Doing HITPIECE Interview	3271	98	0:01:38	3.0%	transcripts/ryle-kittenhouse/processed/20251119-y3SbWA8Jdig.txt	https://youtu.be/y3SbWA8Jdig?t=0
2026-05-04	ExmO1xk8EBE	Destiny orbiter Foodshops gets EXPOSED in SFO Hitpiece (MELTDOWN)	3745	97	0:01:37	2.6%	transcripts/ryle-kittenhouse/processed/20260504-ExmO1xk8EBE.txt	https://youtu.be/ExmO1xk8EBE?t=0
2025-09-16	3ty-FMv8T_w	Kuihman & Jaystalk discuss Destiny's latest VIOLENT Statements (is he FINISHED?)	6884	93	0:01:33	1.4%	transcripts/ryle-kittenhouse/processed/20250916-3ty-FMv8T_w.txt	https://youtu.be/3ty-FMv8T_w?t=0
2026-02-26	dzxHxnvFQ5g	Pisco DUMPSTERS DGG Snarkers BRIGADING His Stream!	5671	90	0:01:30	1.6%	transcripts/ryle-kittenhouse/processed/20260226-dzxHxnvFQ5g.txt	https://youtu.be/dzxHxnvFQ5g?t=0
2026-01-29	8Ej01mp-EQM	DESTINY has COMPLETELY LOST HIS MIND?!	3419	90	0:01:30	2.6%	transcripts/ryle-kittenhouse/processed/20260129-8Ej01mp-EQM.txt	https://youtu.be/8Ej01mp-EQM?t=0
2025-04-23	Z0VW_BMEfbs	Aiden,Kuihman,KellyJean,Mrow give input on Nick Deorio, WillyMac and the 'Content Cop: Destiny'	5778	90	0:01:30	1.6%	transcripts/ryle-kittenhouse/processed/20250423-Z0VW_BMEfbs.txt	https://youtu.be/Z0VW_BMEfbs?t=0
2025-07-12	vQSy_eNtlHk	Brittan Simon ATTACKS Aba, Destiny, and Tom Foolery...then LEAKS LOGS!	7199	89	0:01:29	1.2%	transcripts/ryle-kittenhouse/processed/20250712-vQSy_eNtlHk.txt	https://youtu.be/vQSy_eNtlHk?t=0
2025-12-05	a6COPRrxlyc	Lavlune SNARKS DESTINY'S COURT CASE	3805	88	0:01:28	2.3%	transcripts/ryle-kittenhouse/processed/20251205-a6COPRrxlyc.txt	https://youtu.be/a6COPRrxlyc?t=0
2025-07-25	o0R5k2UKn8k	Adam & Sitch MOCK Destiny INCESSANTLY! It's Truly Not Fair!	6515	88	0:01:28	1.4%	transcripts/ryle-kittenhouse/processed/20250725-o0R5k2UKn8k.txt	https://youtu.be/o0R5k2UKn8k?t=0
2025-08-27	VEBWevJAV7M	TOP (conservative?) Destiny Orbiter explains why his QUESTIONABLE actions are OKAY!	9281	86	0:01:26	0.9%	transcripts/ryle-kittenhouse/processed/20250827-VEBWevJAV7M.txt	https://youtu.be/VEBWevJAV7M?t=0
2025-04-09	fNRQPzl6sU8	Destiny CRIES and MOANS that he gets no upvotes on Livestreamfail, comes out as PRO CH██D P██N ?	5835	86	0:01:26	1.5%	transcripts/ryle-kittenhouse/processed/20250409-fNRQPzl6sU8.txt	https://youtu.be/fNRQPzl6sU8?t=0
2025-07-08	3iNfiLZVX_I	Destiny VS KellyJean in the Great Science Debate (NEW!)	4573	85	0:01:25	1.9%	transcripts/ryle-kittenhouse/processed/20250708-3iNfiLZVX_I.txt	https://youtu.be/3iNfiLZVX_I?t=0
2025-05-22	lRs68pEPips	Destiny Publicly ATTACKS PXIE! EsportsBatman's legal analysis, ft. KellyJean, Ahrelevant	5445	85	0:01:25	1.6%	transcripts/ryle-kittenhouse/processed/20250522-lRs68pEPips.txt	https://youtu.be/lRs68pEPips?t=0
2025-09-11	DCHMJZejjRU	Streamers REACT to Charlie Kirk's death: Destiny, Hasan, Asmongold, Tectone	8943	84	0:01:24	0.9%	transcripts/ryle-kittenhouse/processed/20250911-DCHMJZejjRU.txt	https://youtu.be/DCHMJZejjRU?t=0
2025-11-17	1C7VdxOD5Rk	JSTLK debates MASSIVE Destiny Fan Over PXIE CASE	5605	83	0:01:23	1.5%	transcripts/ryle-kittenhouse/processed/20251117-1C7VdxOD5Rk.txt	https://youtu.be/1C7VdxOD5Rk?t=0
2025-11-14	m4pAb_m01BU	Destiny was CATFISHED with IMAGES of a M***R?	7015	82	0:01:22	1.2%	transcripts/ryle-kittenhouse/processed/20251114-m4pAb_m01BU.txt	https://youtu.be/m4pAb_m01BU?t=0
2025-08-22	hhs-eiVpzn0	Destiny's Bad Day GETS WORSE: He's facing JAIL-TIME/FINES in COURT!	4021	82	0:01:22	2.0%	transcripts/ryle-kittenhouse/processed/20250822-hhs-eiVpzn0.txt	https://youtu.be/hhs-eiVpzn0?t=0
2025-12-06	5V-rCmzWG48	COURT DISASTER: Destiny’s Own Filings EXPOSE HIM!	4111	79	0:01:19	1.9%	transcripts/ryle-kittenhouse/processed/20251206-5V-rCmzWG48.txt	https://youtu.be/5V-rCmzWG48?t=0
2025-08-28	JGG0MZ4_Fgo	Destiny goes FULL SNARK (ft. @Dickers)	4442	79	0:01:19	1.8%	transcripts/ryle-kittenhouse/processed/20250828-JGG0MZ4_Fgo.txt	https://youtu.be/JGG0MZ4_Fgo?t=0
2025-09-20	as9uATOhOrw	Hasan KNEELS on Destiny and Dan Saltman (Demonetized, and Shunned)	6472	78	0:01:18	1.2%	transcripts/ryle-kittenhouse/processed/20250920-as9uATOhOrw.txt	https://youtu.be/as9uATOhOrw?t=0
2025-08-28	w-iBE5y5agI	Streamers DISAVOW Destiny!? Asmongold, Tectone (It's over)	7334	77	0:01:17	1.0%	transcripts/ryle-kittenhouse/processed/20250828-w-iBE5y5agI.txt	https://youtu.be/w-iBE5y5agI?t=0
2026-05-10	6JYSWihbJjA	Lonerbox is LOST: Defending the Indefensible for Destiny	1844	76	0:01:16	4.1%	transcripts/ryle-kittenhouse/processed/20260510-6JYSWihbJjA.txt	https://youtu.be/6JYSWihbJjA?t=0
2026-01-26	6pGUKOkqGe8	Destiny Wants His Fans to STALK Hasan?? (Too Far)	3011	76	0:01:16	2.5%	transcripts/ryle-kittenhouse/processed/20260126-6pGUKOkqGe8.txt	https://youtu.be/6pGUKOkqGe8?t=0
2025-07-25	HGIlAZc-93Y	Destiny PROXY BATTLE! ConnerPoints VS Pisco in BRUTAL Argument Over Punching Left	17687	74	0:01:14	0.4%	transcripts/ryle-kittenhouse/processed/20250725-HGIlAZc-93Y.txt	https://youtu.be/HGIlAZc-93Y?t=0
2025-09-15	q-dWKjvyKdg	Destiny's Orbiters STRUGGLE to Defend his NEW Pro PVP Stance (Hutch & Foodshops)	6630	73	0:01:13	1.1%	transcripts/ryle-kittenhouse/processed/20250915-q-dWKjvyKdg.txt	https://youtu.be/q-dWKjvyKdg?t=0
2025-09-06	Z9GUiNezO5s	Destiny's Court Case just got A LOT Worse for Him	5958	73	0:01:13	1.2%	transcripts/ryle-kittenhouse/processed/20250906-Z9GUiNezO5s.txt	https://youtu.be/Z9GUiNezO5s?t=0
2026-04-07	BwKbNZHk4G8	Destiny FINALLY KNEELS! Why He SURRENDERED to Hasan...	6699	72	0:01:12	1.1%	transcripts/ryle-kittenhouse/processed/20260407-BwKbNZHk4G8.txt	https://youtu.be/BwKbNZHk4G8?t=0
2025-10-11	OdGdd8guvqE	Destiny MELTDOWN as Pxie Court Update ANGERS Him (The Walls Are Closing In w/ JSTLK)	5514	72	0:01:12	1.3%	transcripts/ryle-kittenhouse/processed/20251011-OdGdd8guvqE.txt	https://youtu.be/OdGdd8guvqE?t=0
2026-03-10	9d4MdcbAi7U	Destiny gets BODIED by Taylor Lorenz on DARK MONEY!	14217	69	0:01:09	0.5%	transcripts/ryle-kittenhouse/processed/20260310-9d4MdcbAi7U.txt	https://youtu.be/9d4MdcbAi7U?t=0
2026-01-10	rP0CRAyEWm4	JSTLK & Lavlune BRUTALLY Mock Destiny while he RAGES IN CHAT	3182	69	0:01:09	2.2%	transcripts/ryle-kittenhouse/processed/20260110-rP0CRAyEWm4.txt	https://youtu.be/rP0CRAyEWm4?t=0
2026-03-16	TJmEN0rOpJY	Why Destiny is WRONG About Taylor Lorenz and DARK MONEY	4150	68	0:01:08	1.6%	transcripts/ryle-kittenhouse/processed/20260316-TJmEN0rOpJY.txt	https://youtu.be/TJmEN0rOpJY?t=0
2025-08-23	tqzFof-geyM	KUIHMAN returns to talk Destiny's DOWNFALL	3079	68	0:01:08	2.2%	transcripts/ryle-kittenhouse/processed/20250823-tqzFof-geyM.txt	https://youtu.be/tqzFof-geyM?t=0
2026-05-29	rq0BQs75vOM	HE LEAKED EVERYTHING! Destiny's Darkest Drama Yet	2336	67	0:01:07	2.9%	transcripts/ryle-kittenhouse/processed/20260529-rq0BQs75vOM.txt	https://youtu.be/rq0BQs75vOM?t=0
2025-10-24	jzIP9xfGcSo	NotSoErudite’s SECRET DMs About Destiny EXPOSED by SIC!!	4575	65	0:01:05	1.4%	transcripts/ryle-kittenhouse/processed/20251024-jzIP9xfGcSo.txt	https://youtu.be/jzIP9xfGcSo?t=0
2025-10-22	0dEe0jLcMrI	LonerBox ACCUSED of CAPING for Destiny (Jstlk & Kuihman)	4501	65	0:01:05	1.4%	transcripts/ryle-kittenhouse/processed/20251022-0dEe0jLcMrI.txt	https://youtu.be/0dEe0jLcMrI?t=0
2025-08-18	FLd3_4j5G0M	Destiny's Latest Orbiter LIKES KIDS (FoodSlops)	4021	64	0:01:04	1.6%	transcripts/ryle-kittenhouse/processed/20250818-FLd3_4j5G0M.txt	https://youtu.be/FLd3_4j5G0M?t=0
2025-05-24	LAcGkpjy-hU	Destiny PRESSURING ORBITERS to leak logs with WITNESSES!	4394	63	0:01:03	1.4%	transcripts/ryle-kittenhouse/processed/20250524-LAcGkpjy-hU.txt	https://youtu.be/LAcGkpjy-hU?t=0
2025-04-20	gkNnhNUlmbE	Destiny's Kiwi Farms Lie.	1890	61	0:01:01	3.2%	transcripts/ryle-kittenhouse/processed/20250420-gkNnhNUlmbE.txt	https://youtu.be/gkNnhNUlmbE?t=0
2025-05-29	RPd3XaumNQY	Admit Destiny Is GUILTY! Hutch disavows Destiny, Merc presses Darius [audio fixed]	1720	59	0:00:59	3.4%	transcripts/ryle-kittenhouse/processed/20250529-RPd3XaumNQY.txt	https://youtu.be/RPd3XaumNQY?t=0
2025-08-24	c5RZO8-rZv8	Lavlune + Kuihman MOCK Destiny (& Tom Foolery?)	7275	58	0:00:58	0.8%	transcripts/ryle-kittenhouse/processed/20250824-c5RZO8-rZv8.txt	https://youtu.be/c5RZO8-rZv8?t=0
2026-05-09	omywynSUXi8	"PISCO EXPOSES THE DESTINY CULT: ""You Are Lying About My Views"""	3137	56	0:00:56	1.8%	transcripts/ryle-kittenhouse/processed/20260509-omywynSUXi8.txt	https://youtu.be/omywynSUXi8?t=0
2025-06-15	tuQyRl2qmWU	PISCO defends HASAN and DESTINY takes issue with former orbiter	5713	56	0:00:56	1.0%	transcripts/ryle-kittenhouse/processed/20250615-tuQyRl2qmWU.txt	https://youtu.be/tuQyRl2qmWU?t=0
2026-05-26	l8TG2lCVZSA	The Most EMBARRASSING Destiny Orbiter Manifesto Ever	3023	55	0:00:55	1.8%	transcripts/ryle-kittenhouse/processed/20260526-l8TG2lCVZSA.txt	https://youtu.be/l8TG2lCVZSA?t=0
2025-08-14	Zk6uzrKoAJA	Kuihman CLAPS BACK at WIllyMac while AMOURANTH has MELTDOWN with Husband	8713	54	0:00:54	0.6%	transcripts/ryle-kittenhouse/processed/20250814-Zk6uzrKoAJA.txt	https://youtu.be/Zk6uzrKoAJA?t=0
2025-07-21	j44oZAkkVOU	Destiny Abuses ANOTHER WOMAN! This time, in the cross hairs: Amy Dangerfield	2677	51	0:00:51	1.9%	transcripts/ryle-kittenhouse/processed/20250721-j44oZAkkVOU.txt	https://youtu.be/j44oZAkkVOU?t=0
2026-04-18	AerkNzz8_sE	Destiny’s BIGGEST Mistake: The Pxie Lawsuit EXPOSED!	5183	50	0:00:50	1.0%	transcripts/ryle-kittenhouse/processed/20260418-AerkNzz8_sE.txt	https://youtu.be/AerkNzz8_sE?t=0
2025-11-02	IOJNnWleWQ8	(Destiny Orbiter) DariusIRL ARRESTED in Oklahoma on NEW Charges	9318	49	0:00:49	0.5%	transcripts/ryle-kittenhouse/processed/20251102-IOJNnWleWQ8.txt	https://youtu.be/IOJNnWleWQ8?t=0
2025-09-22	5UiZ34d5aEM	Connerpoints BEGS Destiny not to QUIT POLITICS (Otherwise, who else will save Democracy?)	2795	48	0:00:48	1.7%	transcripts/ryle-kittenhouse/processed/20250922-5UiZ34d5aEM.txt	https://youtu.be/5UiZ34d5aEM?t=0
2026-05-30	cMdJT4Pe1qs	Hutch EXPOSES Himself Trying to Cover for Destiny	2644	47	0:00:47	1.8%	transcripts/ryle-kittenhouse/processed/20260530-cMdJT4Pe1qs.txt	https://youtu.be/cMdJT4Pe1qs?t=0
2026-05-26	oJDDbwbd6QE	Destiny CAUGHT Lying About Lauren Southern	2704	47	0:00:47	1.8%	transcripts/ryle-kittenhouse/processed/20260526-oJDDbwbd6QE.txt	https://youtu.be/oJDDbwbd6QE?t=0
2025-10-05	fNkWDA6odzM	Destiny UNHINGED CRASHOUT as PXIE KNEELS on Him (Hasan Too!)	3598	46	0:00:46	1.3%	transcripts/ryle-kittenhouse/processed/20251005-fNkWDA6odzM.txt	https://youtu.be/fNkWDA6odzM?t=0
2025-09-26	HfsxtrEEvOg	(Destiny Orbiter) DarusIRL's Roommates ARRESTED Last Night!! ft. ChickenAndy, AdrianahLee	8257	46	0:00:46	0.6%	transcripts/ryle-kittenhouse/processed/20250926-HfsxtrEEvOg.txt	https://youtu.be/HfsxtrEEvOg?t=0
2026-03-29	1KwK2Ko2h4s	STARDUST Caught LYING for Destiny! (Revenge of the Cow)	5914	45	0:00:45	0.8%	transcripts/ryle-kittenhouse/processed/20260329-1KwK2Ko2h4s.txt	https://youtu.be/1KwK2Ko2h4s?t=0
2025-09-04	OoXGVKY4VCA	Destiny DESTROYED by @TaylorLorenz in his Return to Politics	16192	45	0:00:45	0.3%	transcripts/ryle-kittenhouse/processed/20250904-OoXGVKY4VCA.txt	https://youtu.be/OoXGVKY4VCA?t=0
2025-04-08	RSNyXFSddN8	INSANE Lavlune HOTDROPS @destiny  debate to accuse someone of MURD*R (ExtremeDad) feat. Aikorulz	5385	45	0:00:45	0.8%	transcripts/ryle-kittenhouse/processed/20250408-RSNyXFSddN8.txt	https://youtu.be/RSNyXFSddN8?t=0
2026-03-28	mRrtMaHXTow	Destiny’s GOING BROKE?! Pushing 40 and BITTER	3744	44	0:00:44	1.2%	transcripts/ryle-kittenhouse/processed/20260328-mRrtMaHXTow.txt	https://youtu.be/mRrtMaHXTow?t=0
2026-03-13	TQnBgcnjAeM	Destiny CAUGHT In An EMBARRASSING Meltdown!	2831	42	0:00:42	1.5%	transcripts/ryle-kittenhouse/processed/20260313-TQnBgcnjAeM.txt	https://youtu.be/TQnBgcnjAeM?t=0
2025-09-15	gD6WS35UxEQ	Did DESTINY Advocate for RETALIATION??🚨Disgusting Washed-Up Streamer Screams into the Void	3998	42	0:00:42	1.0%	transcripts/ryle-kittenhouse/processed/20250915-gD6WS35UxEQ.txt	https://youtu.be/gD6WS35UxEQ?t=0
2025-06-01	Y91C-2onTSs	DGGer's Guide to the Destiny Content Nuke	796	42	0:00:42	5.3%	transcripts/ryle-kittenhouse/processed/20250601-Y91C-2onTSs.txt	https://youtu.be/Y91C-2onTSs?t=0
2025-05-23	7sWjWxGEN24	DESTINY demands PXIE pays to take down the videos HE LEAKED of HIMSELF! Unreal sickness.	2665	42	0:00:42	1.6%	transcripts/ryle-kittenhouse/processed/20250523-7sWjWxGEN24.txt	https://youtu.be/7sWjWxGEN24?t=0
2025-06-09	_ARAWyJvGMw	MRGrill vs. Extreme Dad - Is Destiny an E-R**ist? Review	3618	41	0:00:41	1.1%	transcripts/ryle-kittenhouse/processed/20250609-_ARAWyJvGMw.txt	https://youtu.be/_ARAWyJvGMw?t=0
2026-05-22	BMLQnVvGzQs	Destiny Orbiter COPES Hard on Botched DNC Report	3131	40	0:00:40	1.3%	transcripts/ryle-kittenhouse/processed/20260522-BMLQnVvGzQs.txt	https://youtu.be/BMLQnVvGzQs?t=0
2025-07-24	Z31osFs0rCk	Did Jaystalk D@XX WillyMacShow?? 🚨	3262	36	0:00:36	1.1%	transcripts/ryle-kittenhouse/processed/20250724-Z31osFs0rCk.txt	https://youtu.be/Z31osFs0rCk?t=0
2026-03-26	6QM1Q1-Wb4E	NotSoErudite: from Destiny Orbiter to Tim Pool’s PICK-ME	9955	35	0:00:35	0.4%	transcripts/ryle-kittenhouse/processed/20260326-6QM1Q1-Wb4E.txt	https://youtu.be/6QM1Q1-Wb4E?t=0
2026-05-04	Q0OVR8zA7Vg	HE’S GONE TOO FAR! Destiny’s bad faith Pisco attack	3387	34	0:00:34	1.0%	transcripts/ryle-kittenhouse/processed/20260504-Q0OVR8zA7Vg.txt	https://youtu.be/Q0OVR8zA7Vg?t=0
2025-08-06	cgOWTpX1Ank	Ukranian Ana TRASHES Econoboi as the Drama in the Destiny Orbit CONTINUES to Heat up	5369	32	0:00:32	0.6%	transcripts/ryle-kittenhouse/processed/20250806-cgOWTpX1Ank.txt	https://youtu.be/cgOWTpX1Ank?t=0
2025-06-15	p3dA8bFMFCU	DESTINY takes MASSIVE LOSS in court as PXIE makes up HUGE ground against him	3934	32	0:00:32	0.8%	transcripts/ryle-kittenhouse/processed/20250615-p3dA8bFMFCU.txt	https://youtu.be/p3dA8bFMFCU?t=0
2025-05-19	Ets4QIhGBYI	David Pakman DROPS Destiny PUBLICLY after event organizer HIDES DETAILS about Destiny's Crimes	1470	32	0:00:32	2.2%	transcripts/ryle-kittenhouse/processed/20250519-Ets4QIhGBYI.txt	https://youtu.be/Ets4QIhGBYI?t=0
2026-02-15	hHuwn4MV9LY	Destiny's Top Soldier Gets EXPOSED: The DISGUSTING Admissions	3900	31	0:00:31	0.8%	transcripts/ryle-kittenhouse/processed/20260215-hHuwn4MV9LY.txt	https://youtu.be/hHuwn4MV9LY?t=0
2025-12-22	oZz6g01S_eE	HE CRIED?? Turncoat Orbiter Has Pathetic Meltdown	6181	30	0:00:30	0.5%	transcripts/ryle-kittenhouse/processed/20251222-oZz6g01S_eE.txt	https://youtu.be/oZz6g01S_eE?t=0
2025-07-17	CPvQAsvjrp4	Destiny is FEELING THE HEAT in his Lawsuit, causing him to go FULL SCH1ZO	3948	28	0:00:28	0.7%	transcripts/ryle-kittenhouse/processed/20250717-CPvQAsvjrp4.txt	https://youtu.be/CPvQAsvjrp4?t=0
2026-05-08	gLLXntUPbmg	Destiny's Top Defender Becomes a TOTAL LOLCOW	4011	26	0:00:26	0.6%	transcripts/ryle-kittenhouse/processed/20260508-gLLXntUPbmg.txt	https://youtu.be/gLLXntUPbmg?t=0
2026-05-19	7o5QLV7fLu8	"THE TRUTH: Addressing The LIES About ""Secret"" Snark Discord"	2845	25	0:00:25	0.9%	transcripts/ryle-kittenhouse/processed/20260519-7o5QLV7fLu8.txt	https://youtu.be/7o5QLV7fLu8?t=0
2025-08-25	nc5q6-3DvqY	How Many YEARS in JAIL Destiny is Facing? (@PotentiallyCriminal)	3208	25	0:00:25	0.8%	transcripts/ryle-kittenhouse/processed/20250825-nc5q6-3DvqY.txt	https://youtu.be/nc5q6-3DvqY?t=0
2025-04-21	iALGz696oWk	KELLY JEAN vs DICKERS: Did WillyMac SLANDER Kelly Jean? Either way, we all agree @destiny yucky	4537	25	0:00:25	0.5%	transcripts/ryle-kittenhouse/processed/20250421-iALGz696oWk.txt	https://youtu.be/iALGz696oWk?t=0
2026-01-02	8X5g71MWp0M	DADDY CHILL!! Pisco MOCKS Connor to his FACE!	10019	24	0:00:24	0.2%	transcripts/ryle-kittenhouse/processed/20260102-8X5g71MWp0M.txt	https://youtu.be/8X5g71MWp0M?t=0
2025-09-21	3wnDf9FBHno	CONNERPOINTS supports Destiny, PDF or NOT?!	4645	23	0:00:23	0.5%	transcripts/ryle-kittenhouse/processed/20250921-3wnDf9FBHno.txt	https://youtu.be/3wnDf9FBHno?t=0
2025-10-04	tPr4NTI1h5A	Pxie goes NUCLEAR on Destiny: the MINOR (Rose) will join the LAWSUIT! (Latest Court Filings)	6358	21	0:00:21	0.3%	transcripts/ryle-kittenhouse/processed/20251004-tPr4NTI1h5A.txt	https://youtu.be/tPr4NTI1h5A?t=0
2025-07-22	hS2cdKdOmzI	Ex-DGG Orbiter Has CRASHOUT Fight With CALLER (then BANS them!)	4696	21	0:00:21	0.5%	transcripts/ryle-kittenhouse/processed/20250722-hS2cdKdOmzI.txt	https://youtu.be/hS2cdKdOmzI?t=0
2026-03-12	hGBjjVDiX-c	DESTINY CRIES SURRENDER against Taylor Lorenz!	4237	19	0:00:19	0.5%	transcripts/ryle-kittenhouse/processed/20260312-hGBjjVDiX-c.txt	https://youtu.be/hGBjjVDiX-c?t=0
2025-09-17	Rb81-azM2xM	Kuihman, Chaeiry & JSTALK discuss Whick, Destiny, Saltman FAILURES and FALLOUT	2803	19	0:00:19	0.7%	transcripts/ryle-kittenhouse/processed/20250917-Rb81-azM2xM.txt	https://youtu.be/Rb81-azM2xM?t=0
2025-07-07	J7iHUtKtd74	Nu Commentary Cabal: Augie, Kuihman, Mrow, Jaystalk talk Willymac, Deorio, Tommyc, Saltman and Hasan	7877	16	0:00:16	0.2%	transcripts/ryle-kittenhouse/processed/20250707-J7iHUtKtd74.txt	https://youtu.be/J7iHUtKtd74?t=0
2025-06-06	6tf6yC4vLQw	Destiny CALLED OUT by Idubbbz, feat. Chaeiry and KellyJean	3151	16	0:00:16	0.5%	transcripts/ryle-kittenhouse/processed/20250606-6tf6yC4vLQw.txt	https://youtu.be/6tf6yC4vLQw?t=0
2025-05-18	FPFmWU8y9mY	DESTINY SP*RGS AGAIN! Another day, another Destiny loss in court!  [credit A.G.Peak]	1843	16	0:00:16	0.9%	transcripts/ryle-kittenhouse/processed/20250518-FPFmWU8y9mY.txt	https://youtu.be/FPFmWU8y9mY?t=0
2026-03-22	ygI7WlOV1As	Destiny and UnF@&% America get CANCELED!	1720	15	0:00:15	0.8%	transcripts/ryle-kittenhouse/processed/20260322-ygI7WlOV1As.txt	https://youtu.be/ygI7WlOV1As?t=0
2026-05-03	CrfqZLBivF8	Destiny vs REALITY: The DNC Autopsy Scandal	2648	14	0:00:14	0.5%	transcripts/ryle-kittenhouse/processed/20260503-CrfqZLBivF8.txt	https://youtu.be/CrfqZLBivF8?t=0
2025-07-08	3btt4F5673o	Dan Saltman vs Nicholas Deorio friendship CRASHOUT	5811	14	0:00:14	0.2%	transcripts/ryle-kittenhouse/processed/20250708-3btt4F5673o.txt	https://youtu.be/3btt4F5673o?t=0
2025-06-17	UAwJ2O8T6uQ	Nuking Destiny: Part 3	1308	14	0:00:14	1.1%	transcripts/ryle-kittenhouse/processed/20250617-UAwJ2O8T6uQ.txt	https://youtu.be/UAwJ2O8T6uQ?t=0
2025-10-04	DCgw7Ac1jYM	Hasanabi Reviews Destiny's Latest Pxie Court Filing FALLOUT (Rose, the Minor, Subpoenaed)	714	13	0:00:13	1.8%	transcripts/ryle-kittenhouse/processed/20251004-DCgw7Ac1jYM.txt	https://youtu.be/DCgw7Ac1jYM?t=0
2026-02-28	4yei55kHNB0	NotSoErudite SNARKS DESTINY? Is the friendship OVER??	2444	12	0:00:12	0.5%	transcripts/ryle-kittenhouse/processed/20260228-4yei55kHNB0.txt	https://youtu.be/4yei55kHNB0?t=0
2025-06-11	3qV13EdLmWY	Nuking Destiny: Part 2	842	12	0:00:12	1.5%	transcripts/ryle-kittenhouse/processed/20250611-3qV13EdLmWY.txt	https://youtu.be/3qV13EdLmWY?t=0
2026-05-28	tFlLunUprPA	ASMONGLD & DESTINY Want HASAN In JAIL?! (This Is Insane)	1758	11	0:00:11	0.6%	transcripts/ryle-kittenhouse/processed/20260528-tFlLunUprPA.txt	https://youtu.be/tFlLunUprPA?t=0
2025-08-23	Am26cum8Jfc	Destiny LIVE 🔴CRASHOUT	1168	11	0:00:11	0.9%	transcripts/ryle-kittenhouse/processed/20250823-Am26cum8Jfc.txt	https://youtu.be/Am26cum8Jfc?t=0
2026-04-11	LqBrVu0dxa0	INSANE CRASHOUT: Creepy Obsessed Zionist DGGer (WhickTV)	4954	10	0:00:10	0.2%	transcripts/ryle-kittenhouse/processed/20260411-LqBrVu0dxa0.txt	https://youtu.be/LqBrVu0dxa0?t=0
2025-12-07	ioVOGsQzw7s	Pisco DESTROYS H3H3 Defender in HEATED Debate	5146	9	0:00:09	0.2%	transcripts/ryle-kittenhouse/processed/20251207-ioVOGsQzw7s.txt	https://youtu.be/ioVOGsQzw7s?t=0
2025-09-21	0BTv-P9F42s	Destiny will HAVE to SETTLE his Court Case: People are saying	4625	9	0:00:09	0.2%	transcripts/ryle-kittenhouse/processed/20250921-0BTv-P9F42s.txt	https://youtu.be/0BTv-P9F42s?t=0
2025-09-19	PMkEYREqIEM	Destiny has been Demonetized on ALL of YOUTUBE (and daily memes)	1332	9	0:00:09	0.7%	transcripts/ryle-kittenhouse/processed/20250919-PMkEYREqIEM.txt	https://youtu.be/PMkEYREqIEM?t=0
2025-07-10	A9JN2_Nhbj4	Destiny's Latest Lies About His Court Case	920	9	0:00:09	0.9%	transcripts/ryle-kittenhouse/processed/20250710-A9JN2_Nhbj4.txt	https://youtu.be/A9JN2_Nhbj4?t=0
2025-06-20	0lPiHDu0xQc	DESTINY vs MRGRILL ORBITERS [lost tapes 2024] Pressed	2780	9	0:00:09	0.3%	transcripts/ryle-kittenhouse/processed/20250620-0lPiHDu0xQc.txt	https://youtu.be/0lPiHDu0xQc?t=0
2026-05-02	4J-ayIZ8vvY	Hasan EXPOSES Hutch for being SPINELESS & Destiny MELTS DOWN!	1967	8	0:00:08	0.4%	transcripts/ryle-kittenhouse/processed/20260502-4J-ayIZ8vvY.txt	https://youtu.be/4J-ayIZ8vvY?t=0
2025-09-09	MavKuPSRhA0	@WillyMacShow is a Lying Wretch in Conversation with @hutch	2969	8	0:00:08	0.3%	transcripts/ryle-kittenhouse/processed/20250909-MavKuPSRhA0.txt	https://youtu.be/MavKuPSRhA0?t=0
2025-05-20	nFF-vjs3P2s	Exposing Destiny's failing court case and his public lies	396	8	0:00:08	2.1%	transcripts/ryle-kittenhouse/processed/20250520-nFF-vjs3P2s.txt	https://youtu.be/nFF-vjs3P2s?t=0
2025-05-17	tn3r7lu_VDg	Destiny In Court series: Pxie's attorney's reply. TTS reading of court docs  [5/16/25]	441	8	0:00:08	1.9%	transcripts/ryle-kittenhouse/processed/20250517-tn3r7lu_VDg.txt	https://youtu.be/tn3r7lu_VDg?t=0
2026-02-06	-aTTWUw55lQ	Pisco DEBUNKS DGG/H3 Narrative on HASAN?!?	4264	7	0:00:07	0.2%	transcripts/ryle-kittenhouse/processed/20260206--aTTWUw55lQ.txt	https://youtu.be/-aTTWUw55lQ?t=0
2025-10-11	MxLrL2UFl-o	Destiny Is RUNNING out of TIME in his Court Case (Update) The WALLS are CLOSING IN!	3266	7	0:00:07	0.2%	transcripts/ryle-kittenhouse/processed/20251011-MxLrL2UFl-o.txt	https://youtu.be/MxLrL2UFl-o?t=0
2025-06-16	S2ktgxRqvZA	Destiny HATES ME for this VIDEO - Debunking Court Lies Part 3	810	7	0:00:07	0.9%	transcripts/ryle-kittenhouse/processed/20250616-S2ktgxRqvZA.txt	https://youtu.be/S2ktgxRqvZA?t=0
2026-03-11	ic7C08uQW5A	Destiny's Orbiters ARE MELTING DOWN Over Taylor Lorenz!	2913	6	0:00:06	0.2%	transcripts/ryle-kittenhouse/processed/20260311-ic7C08uQW5A.txt	https://youtu.be/ic7C08uQW5A?t=0
2025-10-08	8ZH2ReLbfxY	Destiny Is LYING About His Court Case!!! (Pxie Court Update with Jstlk)	3900	6	0:00:06	0.2%	transcripts/ryle-kittenhouse/processed/20251008-8ZH2ReLbfxY.txt	https://youtu.be/8ZH2ReLbfxY?t=0
2025-07-01	0nufgK3Zc78	CONFRONTING AIKO about her take on Straighterade (betraying Pxie?)	2163	6	0:00:06	0.3%	transcripts/ryle-kittenhouse/processed/20250701-0nufgK3Zc78.txt	https://youtu.be/0nufgK3Zc78?t=0
2025-05-10	qHbrVZKzYck	DESTINY COURT REVIEW: Attacking and Thr*atening JayStalk ON THE RECORD!	2134	6	0:00:06	0.3%	transcripts/ryle-kittenhouse/processed/20250510-qHbrVZKzYck.txt	https://youtu.be/qHbrVZKzYck?t=0
2026-05-16	uZ5Fe_k-xfQ	"The ""Secret"" SNARK Discord Logs EXPOSED"	3107	4	0:00:04	0.1%	transcripts/ryle-kittenhouse/processed/20260516-uZ5Fe_k-xfQ.txt	https://youtu.be/uZ5Fe_k-xfQ?t=0
2025-12-28	HAi84RH8bPQ	"Pisco SNAPS: ""I Am NOT Backing Down!!"""	4442	4	0:00:04	0.1%	transcripts/ryle-kittenhouse/processed/20251228-HAi84RH8bPQ.txt	https://youtu.be/HAi84RH8bPQ?t=0
2025-06-26	cJ28T9th7Ys	Taking @destiny to the Cleaners (Court Update)	1310	4	0:00:04	0.3%	transcripts/ryle-kittenhouse/processed/20250626-cJ28T9th7Ys.txt	https://youtu.be/cJ28T9th7Ys?t=0
2026-02-20	A1dL67jCxQE	Hutch gets DEMOLISHED by Pisco’s 'LAWYER LOGIC'?!	8662	3	0:00:03	0.0%	transcripts/ryle-kittenhouse/processed/20260220-A1dL67jCxQE.txt	https://youtu.be/A1dL67jCxQE?t=0
2025-04-19	3Rt8V49QwUs	In major escalation, Asmongold calls Destiny a sexpest off of their latest spat. (Full Context)	239	3	0:00:03	1.4%	transcripts/ryle-kittenhouse/processed/20250419-3Rt8V49QwUs.txt	https://youtu.be/3Rt8V49QwUs?t=0
2026-02-15	VAToRCzptUE	Who Is FOODSHOPS? The Dark History of the PDF MANIFESTO	6852	2	0:00:02	0.0%	transcripts/ryle-kittenhouse/processed/20260215-VAToRCzptUE.txt	https://youtu.be/VAToRCzptUE?t=0
2026-01-18	GF7JmGL60vw	"Confronted by DESTINY'S Obsessed ""IRL"" FAN GIRL!!"	2358	2	0:00:02	0.1%	transcripts/ryle-kittenhouse/processed/20260118-GF7JmGL60vw.txt	https://youtu.be/GF7JmGL60vw?t=0
2025-10-31	gpKlJr1-SZg	Dan Saltman Takes Things TOO FAR! Plus Miz & QT Drama	12262	2	0:00:02	0.0%	transcripts/ryle-kittenhouse/processed/20251031-gpKlJr1-SZg.txt	https://youtu.be/gpKlJr1-SZg?t=0
2025-09-03	24-anZ4c6wQ	Pisco and Hutch BATTLE over Chorus DARK MONEY Scandal	7187	2	0:00:02	0.0%	transcripts/ryle-kittenhouse/processed/20250903-24-anZ4c6wQ.txt	https://youtu.be/24-anZ4c6wQ?t=0
2025-08-07	FSjeM3lXMDc	Pisco gets PRESSED over his QUESTIONABLE Appearance on Tim Pool, Did Pisco Redeem Himself?	8533	2	0:00:02	0.0%	transcripts/ryle-kittenhouse/processed/20250807-FSjeM3lXMDc.txt	https://youtu.be/FSjeM3lXMDc?t=0
2025-05-18	AWnv63oRKV0	Alyssa Mercante becomes a LOLCOW! In SHOCKING video going over all of her HATERS!? ft. Dan Saltman	4605	2	0:00:02	0.0%	transcripts/ryle-kittenhouse/processed/20250518-AWnv63oRKV0.txt	https://youtu.be/AWnv63oRKV0?t=0
2025-05-10	Yim8Exg5eU4	[pt2] Destiny SEETHING on Case / Slandering Victims [5/10/25]  NoDeadAir Version (see description)	411	2	0:00:02	0.5%	transcripts/ryle-kittenhouse/processed/20250510-Yim8Exg5eU4.txt	https://youtu.be/Yim8Exg5eU4?t=0
2025-12-23	Gh2cUO1SvvA	I WILL LEAK IT ALL!! (Foodshops vs. Dan Saltman)	4693	1	0:00:01	0.0%	transcripts/ryle-kittenhouse/processed/20251223-Gh2cUO1SvvA.txt	https://youtu.be/Gh2cUO1SvvA?t=0
